{
	"swagger": "2.0",
	"info": {
		"version": "1.0.0",
		"title": "Yet Another Node.js Blogg Application API",
		"description": "Yet Another Node.js Blogg Application API",
		"license": {
			"name": "MIT",
			"url": "https://opensource.org/licenses/MIT"
		}
	},
	"host": "localhost:3001",
	
	"basePath": "/api/v1",
	"tags": [
		{
			"name": "contratos",
			"description": "API for Contratos in the system"
		}
	],
	"schemes": [
		"http",
		"https"
	],
	"consumes": [
		"application/json"
	],
	"produces": [
		"application/json"
	],
	"paths": {
		"/contrato_beneficiario": {
			"post": {
				"tags": [
					"contratos"
				],
				"description": "Create new contratos in system",
				"parameters": [
					{
						"name": "contratos",
						"in": "body",
						"description": "contratos that we want to create",
						"schema": {
							"$ref": "#/definitions/contratos"
						}
					}
				],
				"produces": [
					"application/json"
				],
				"responses": {
					"200": {
						"description": "New contrato is created",
						"schema": {
							"$ref": "#/definitions/contratos"
						}
					}
				}
			},
			"get": {
				"tags": [
					"contratos"
				],
				"parameters": [
					{
						"name": "administradora",
						"in": "query",
						"required": false,
						"description": "administradora",
						"type": "string"
					},
					{
						"name": "operadora",
						"in": "query",
						"required": false,
						"description": "operadora",
						"type": "string"
					},
					{
						"name": "dataNascimento",
						"in": "query",
						"required": false,
						"description": "dataNascimento",
						"type": "string"
					},
					{
						"name": "nomeTitular",
						"in": "query",
						"required": false,
						"description": "nomeTitular",
						"type": "string"
					},
					{
						"name": "entidade",
						"in": "query",
						"required": false,
						"description": "entidade",
						"type": "string"
					},
					{
						"name": "pagina",
						"in": "query",
						"required": false,
						"description": "pagina",
						"type": "string"
					},
					{
						"name": "tamanhoPagina",
						"in": "query",
						"required": false,
						"description": "tamanhoPagina",
						"type": "string"
					}
				],
				"summary": "Get all contratos in system",
				"responses": {
					"200": {
						"description": "OK",
						"schema": {
							"$ref": "#/definitions/contratos"
						}
					}
				}
			}
		},
		"/contrato_beneficiario/fornecedor": {
			"get": {
				"tags": [
					"fornecedor"
				],
				"summary": "Get fornecedor with given ID",
				"responses": {
					"200": {
						"description": "fornecedor is found",
						"schema": {
							"$ref": ""
						}
					}
				}
			}
		},

		"/contrato_beneficiario/csv/{operadoraId}": {
			"parameters": [
				{
					"name": "operadoraId",
					"in": "path",
					"required": true,
					"description": "ID of operadora that we want to create csv",
					"type": "string"
				}
			],
			"get": {
				"tags": [
					"operadora"
				],
				"produces" : [ "application/msexcel" ],
				"summary": "Get operadora with given ID and download csv",
				"responses": {
					"200": {
						"description": "operadora is found",
						
						"schema": {
							"$ref": ""
						}
					}
				}
			}
		},
		"/contrato_beneficiario/{contratoId}": {
			"parameters": [
				{
					"name": "contratoId",
					"in": "path",
					"required": true,
					"description": "ID of contratos that we want to find",
					"type": "string"
				}
			],
			"get": {
				"tags": [
					"contrato"
				],
				"summary": "Get contrato with given ID",
				"responses": {
					"200": {
						"description": "Contrato is found",
						"schema": {
							"$ref": "#/definitions/contrato"
						}
					}
				}
			},
			"delete": {
				"summary": "Delete Contrato with given ID",
				"tags": [
					"contrato"
				],
				"responses": {
					"200": {
						"description": "Contrato is deleted",
						"schema": {
							"$ref": "#/definitions/contrato"
						}
					}
				}
			},
			"put": {
				"summary": "Update Contrato with give ID",
				"tags": [
					"contrato"
				],
				"parameters": [
					{
						"name": "contrato",
						"in": "body",
						"description": "Contrato with new values of properties",
						"schema": {
							"$ref": "#/definitions/contrato"
						}
					}
				],
				"responses": {
					"200": {
						"description": "contrato is updated",
						"schema": {
							"$ref": "#/definitions/contrato"
						}
					}
				}
			}
		},
		"/contrato_beneficiario/{contratoId}/cobrancas": {
			"parameters": [
				{
					"name": "contratoId",
					"in": "path",
					"required": true,
					"description": "ID of contratos that we want to find",
					"type": "string"
				}
			],
			"post": {
				"tags": [
					"contratos"
				],
				"description": "Create new contratos in system",
				"parameters": [
					{
						"name": "contratos",
						"in": "body",
						"description": "contratos that we want to create",
						"schema": {
							"$ref": "#/definitions/contratos"
						}
					}
				],
				"produces": [
					"application/json"
				],
				"responses": {
					"200": {
						"description": "New contrato is created",
						"schema": {
							"$ref": "#/definitions/contratos"
						}
					}
				}
			}
		},

		
		
		"/contrato_beneficiario/{numeroCliente}/titulos": {
			"parameters": [
				{
					"name": "contratoId",
					"in": "path",
					"required": true,
					"description": "ID of contratos that we want to find",
					"type": "string"
				}
			],
			"get": {
				"tags": [
					"contratos"
				],
				"summary": "Get contrato with given ID",
				"responses": {
					"200": {
						"description": "Contrato is found",
						"schema": {
							"$ref": "#/definitions/contrato"
						}
					}
				}
			}
		},
		"/contrato_beneficiario/{carteirinha}/carteirinha": {
			"parameters": [
				{
					"name": "carteirinha",
					"in": "path",
					"required": true,
					"description": "Numero da Carteirinha",
					"type": "string"
				}
			],
			"get": {
				"tags": [
					"contratos"
				],
				"summary": "Get contrato with given ID",
				"responses": {
					"200": {
						"description": "Contrato is found",
						"schema": {
							"$ref": "#/definitions/contrato"
						}
					}
				}
			}
		},
		
		"/contrato_beneficiario/{proposta}/proposta": {
			"parameters": [
				{
					"name": "proposta",
					"in": "path",
					"required": true,
					"description": "Numero Proposta",
					"type": "string"
				}
			],
			"get": {
				"tags": [
					"contratos"
				],
				"summary": "Get contrato with given ID",
				"responses": {
					"200": {
						"description": "Contrato is found",
						"schema": {
							"$ref": "#/definitions/contrato"
						}
					}
				}
			}
		},
		"/contrato_beneficiario/{cpf}/cpf": {
			"parameters": [
				{
					"name": "cpf",
					"in": "path",
					"required": true,
					"description": "Numero do CPF",
					"type": "string"
				}
			],
			"get": {
				"tags": [
					"contratos"
				],
				"summary": "Get contrato with given ID",
				"responses": {
					"200": {
						"description": "Contrato is found",
						"schema": {
							"$ref": "#/definitions/contrato"
						}
					}
				}
			}
		},
		
		"/contrato_beneficiario/{idFornecedor}/putFornecedor": {
			"parameters": [
				{
					"name": "idFornecedor",
					"in": "path",
					"required": true,
					"description": "ID of contratos that we want to find",
					"type": "string"
				},
				{
					"name": "fornecedores",
					"in": "body",
					"description": "fornecedor",
					"schema": {
						"$ref": "#/definitions/fornecedor"
					}
				}
			],
			
			"put": {
				"summary": "Update Contrato with give ID",
				"tags": [
					"fornecedor"
				],
				"responses": {
					"200": {
						"description": "contrato is updated",
						"schema": {
							"$ref": "#/definitions/fornecedor"
						}
					}
				}
			}
		}


		
	},
	"definitions": {
		"contratos": {
			"id": {
				"type": "integer",
				"format": "int32"
			},
			"subcontrato": {
				"type": "object",
				"properties": {
					"id": {
						"type": "integer",
						"format": "int32"
					}
				}
			},
			"contrato": {
				"type": "object",
				"properties": {
					"id": {
						"type": "integer",
						"format": "int32"
					}
				}
			},
			"dataVigencia": {
				"type": "string"
			},
			"dataVencimento": {
				"type": "string"
			},
			"operadora": {
				"type": "object",
				"properties": {
					"id": {
						"type": "integer",
						"format": "int32"
					},
					"cnpj": {
						"type": "string"
					},
					"nome": {
						"type": "string"
					},
					"site": {
						"type": "string"
					},
					"telefone": {
						"type": "string"
					}
				}
			},
			"entidade": {
				"type": "object",
				"properties": {
					"id": {
						"type": "integer",
						"format": "int32"
					},
					"sigla": {
						"type": "string"
					},
					"nome": {
						"type": "string"
					}
				}
			},
			"plano": {
				"type": "object",
				"properties": {
					"id": {
						"type": "integer",
						"format": "int32"
					},
					"nome": {
						"type": "string"
					},
					"codigoANS": {
						"type": "string"
					},
					"tipoContratacao": {
						"type": "object",
						"properties": {
							"id": {
								"type": "integer",
								"format": "int32"
							},
							"descricao": {
								"type": "string"
							}
						}
					},
					"acomodacao": {
						"type": "object",
						"properties": {
							"id": {
								"type": "integer",
								"format": "int32"
							},
							"descricao": {
								"type": "string"
							}
						}
					},
					"fatorModerador": {
						"type": "object",
						"properties": {
							"id": {
								"type": "integer",
								"format": "int32"
							},
							"descricao": {
								"type": "string"
							}
						}
					},
					"cobertura": {
						"type": "object",
						"properties": {
							"id": {
								"type": "integer",
								"format": "int32"
							},
							"descricao": {
								"type": "string"
							}
						}
					},
					"abrangenciaGeografica": {
						"type": "object",
						"properties": {
							"id": {
								"type": "integer",
								"format": "int32"
							},
							"descricao": {
								"type": "string"
							}
						}
					},
					"areaAtuacao": {
						"type": "object",
						"properties": {
							"id": {
								"type": "integer",
								"format": "int32"
							},
							"descricao": {
								"type": "string"
							}
						}
					},
					"operadora": {
						"type": "object",
						"properties": {
							"id": {
								"type": "integer",
								"format": "int32"
							},
							"cnpj": {
								"type": "string"
							},
							"nome": {
								"type": "string"
							},
							"site": {
								"type": "string"
							},
							"telefone": {
								"type": "string"
							}
						}
					},
					"adicionais": {
						"type": "string",
						"format": "nullable"
					},
					"formacaoDePreco": {
						"type": "string",
						"format": "nullable"
					},
					"quantidadeVidas": {
						"type": "integer",
						"format": "int32"
					},
					"valorTotal": {
						"type": "string",
						"format": "nullable"
					},
					"valorTotalTabela": {
						"type": "string",
						"format": "nullable"
					},
					"recorrenciaPromocaoMeses": {
						"type": "string",
						"format": "nullable"
					},
					"indPromocional": {
						"type": "string",
						"format": "nullable"
					},
					"indPossuiOpcional": {
						"type": "boolean"
					}
				}
			},
			"titular": {
				"type": "object",
				"properties": {
					"id": {
						"type": "integer",
						"format": "int32"
					},
					"cpf": {
						"type": "string"
					},
					"rg": {
						"type": "string"
					},
					"nome": {
						"type": "string"
					},
					"dataNascimento": {
						"type": "string"
					},
					"nomeMae": {
						"type": "string"
					},
					"sexo": {
						"type": "string"
					},
					"cns": {
						"type": "string",
						"format": "nullable"
					},
					"dnv": {
						"type": "string",
						"format": "nullable"
					},
					"email": {
						"type": "string"
					},
					"dddTelefone": {
						"type": "string",
						"format": "nullable"
					},
					"numTelefone": {
						"type": "string",
						"format": "nullable"
					},
					"dddCelular": {
						"type": "string"
					},
					"numCelular": {
						"type": "string"
					},
					"valor": {
						"type": "number"
					},
					"idade": {
						"type": "integer",
						"format": "int32"
					},
					"numeroCarteirinha": {
						"type": "string",
						"format": "nullable"
					},
					"estadoCivil": {
						"type": "object",
						"properties": {
							"id": {
								"type": "integer",
								"format": "int32"
							},
							"descricao": {
								"type": "string"
							}
						}
					},
					"orgaoEmissor": {
						"type": "object",
						"properties": {
							"id": {
								"type": "integer",
								"format": "int32"
							},
							"descricao": {
								"type": "string"
							}
						}
					},
					"endereco": {
						"type": "object",
						"properties": {
							"id": {
								"type": "integer",
								"format": "int32"
							},
							"cep": {
								"type": "string"
							},
							"logradouro": {
								"type": "string"
							},
							"numero": {
								"type": "string"
							},
							"complemento": {
								"type": "string"
							},
							"bairro": {
								"type": "string"
							},
							"cidade": {
								"type": "string"
							},
							"uf": {
								"type": "string"
							}
						}
					},
					"representanteLegal": {
						"type": "string",
						"format": "nullable"
					},
					"carencia": {
						"type": "string",
						"format": "nullable"
					},
					"dependente": {
						"type": "array",
						"items": {
							"type": "object",
							"properties": {
								"id": {
									"type": "integer",
									"format": "int32"
								},
								"cpf": {
									"type": "string"
								},
								"nome": {
									"type": "string"
								},
								"dataNascimento": {
									"type": "string"
								},
								"nomeMae": {
									"type": "string"
								},
								"sexo": {
									"type": "string"
								},
								"cns": {
									"type": "string"
								},
								"dnv": {
									"type": "string"
								},
								"valorPlano": {
									"type": "number"
								},
								"idade": {
									"type": "integer",
									"format": "int32"
								},
								"numeroCarteirinha": {
									"type": "string",
									"format": "nullable"
								},
								"estadoCivil": {
									"type": "object",
									"properties": {
										"id": {
											"type": "integer",
											"format": "int32"
										},
										"descricao": {
											"type": "string"
										}
									}
								},
								"grauParentesco": {
									"type": "object",
									"properties": {
										"id": {
											"type": "integer",
											"format": "int32"
										},
										"descricao": {
											"type": "string"
										}
									}
								},
								"carencia": {
									"type": "string",
									"format": "nullable"
								}
							}
						}
					},
					"profissao": {
						"type": "object",
						"properties": {
							"id": {
								"type": "integer",
								"format": "int32"
							},
							"descricao": {
								"type": "string"
							}
						}
					}
				}
			},
			"corretora": {
				"type": "object",
				"properties": {
					"id": {
						"type": "integer",
						"format": "int32"
					},
					"cnpj": {
						"type": "string"
					},
					"nome": {
						"type": "string"
					},
					"razaoSocial": {
						"type": "string",
						"format": "nullable"
					},
					"possuiSupervisor": {
						"type": "boolean"
					},
					"codigo": {
						"type": "string"
					},
					"email": {
						"type": "string"
					},
					"indAtivo": {
						"type": "string",
						"format": "nullable"
					},
					"indLiberacaoColaborador": {
						"type": "string",
						"format": "nullable"
					}
				}
			},
			"administradora": {
				"type": "object",
				"properties": {
					"id": {
						"type": "integer",
						"format": "int32"
					},
					"codigoANS": {
						"type": "string"
					},
					"site": {
						"type": "string"
					},
					"telefone": {
						"type": "string"
					},
					"cnpj": {
						"type": "string"
					},
					"nomeFantasia": {
						"type": "string"
					},
					"razaoSocial": {
						"type": "string"
					}
				}
			},
			"corretor": {
				"type": "object",
				"properties": {
					"id": {
						"type": "integer",
						"format": "int32"
					},
					"cpf": {
						"type": "string"
					},
					"nome": {
						"type": "string"
					},
					"email": {
						"type": "string"
					},
					"celular": {
						"type": "string"
					}
				}
			},
			"supervisor": {
				"type": "object",
				"properties": {
					"id": {
						"type": "integer",
						"format": "int32"
					},
					"corretor": {
						"type": "object",
						"properties": {
							"id": {
								"type": "integer",
								"format": "int32"
							},
							"cpf": {
								"type": "string"
							},
							"nome": {
								"type": "string"
							},
							"email": {
								"type": "string"
							},
							"celular": {
								"type": "string",
								"format": "nullable"
							}
						}
					},
					"corretora": {
						"type": "string",
						"format": "nullable"
					}
				}
			},
			"valorTotal": {
				"type": "number"
			},
			"valorTaxaAssociativa": {
				"type": "integer",
				"format": "int32"
			},
			"taxaCadastro": {
				"type": "integer",
				"format": "int32"
			},
			"valorTotalMensal": {
				"type": "number"
			},
			"numeroProposta": {
				"type": "string"
			},
			"qtdRecorrenciaAnualTaxaAssociativa": {
				"type": "string",
				"format": "nullable"
			},
			"descricaoRecorrenciaTaxaAssociativa": {
				"type": "string"
			}
		},
		"contrato": {
			"type": "array",
			"$ref": "#/definitons/contratos"
		}
	}
}